{"bigrams":[[0.16196406921635623,0.2884382232999008,0.08459164554171718,0.004243359418053565,0.08767772511848342,0.3542929571255373,0.018792020279951506],[0.3388221087875295,0.17816565124320763,0.2700477523464515,0.009001591744881717,0.100279927548164,0.08205719304023272,0.021625775289532904],[0.09556358008769668,0.4023084859427392,0.15604849110136704,0.0036110394635027084,0.2648955377869487,0.0711890637090534,0.006383801908692288],[0.03581800580832527,0.23814133591481124,0.20716360116166505,0.13843175217812198,0.3068731848983543,0.06679574056147145,0.006776379477250726],[0.10381558924646339,0.08780927689793158,0.26957109846136507,0.028743729921659245,0.20763117849292678,0.29166431832271883,0.010764808656935129],[0.30166748139699096,0.07924610287328228,0.07636738906088751,0.004399543751018413,0.3488675248492749,0.17532996578132637,0.014121992287219597],[0.07904022582921666,0.09809456598447425,0.03599153140437544,0.0028228652081863093,0.0529287226534933,0.6457304163726182,0.08539167254763586]],"trigrams":[[[0.20735900962861073,0.2668500687757909,0.10110041265474554,0.003782668500687758,0.08253094910591471,0.32668500687757906,0.011691884456671253],[0.2778204144282425,0.159823484267076,0.3211818879508826,0.00825019186492709,0.11588641596316193,0.10418265541059095,0.012854950115118956],[0.0973393900064893,0.42115509409474366,0.15704088254380272,0.005840363400389357,0.23296560674886438,0.08306294613887086,0.0025957170668397143],[0.07317073170731707,0.18292682926829268,0.0975609756097561,0.1951219512195122,0.4146341463414634,0.024390243902439025,0.012195121951219513],[0.1462140992167102,0.05613577023498695,0.2056135770234987,0.020234986945169713,0.2193211488250653,0.3426892950391645,0.0097911227154047],[0.2652932851077213,0.07249567542066362,0.061015883000471775,0.0023588614562038055,0.43497405252398175,0.16055983645227237,0.003302406038685328],[0.17579250720461095,0.05763688760806916,0.01729106628242075,0.002881844380403458,0.043227665706051875,0.6657060518731989,0.037463976945244955]],[[0.14017460056003953,0.2829846812716192,0.05699225827705485,0.002964915170482622,0.05633338823916982,0.4365014000988305,0.02404875638280349],[0.27622594661700806,0.26256983240223464,0.21073867163252638,0.007759155803848541,0.11669770328988206,0.10459342023587834,0.021415270018621976],[0.14329268292682926,0.3896341463414634,0.11056910569105691,0.00548780487804878,0.2869918699186992,0.05426829268292683,0.00975609756097561],[0.08823529411764706,0.32941176470588235,0.08823529411764706,0.12352941176470589,0.2647058823529412,0.08235294117647059,0.023529411764705882],[0.09455744914788346,0.1440351841671248,0.28367234744365033,0.02748763056624519,0.21495327102803738,0.21165475536008796,0.023639362286970864],[0.3681726230613621,0.10586648685097774,0.04248145650708024,0.006743088334457181,0.2865812542144302,0.17666891436277815,0.013486176668914362],[0.0375,0.105,0.02,0.0025,0.0275,0.7325,0.075]],[[0.1425661914460285,0.3971486761710794,0.12219959266802444,0.0013577732518669382,0.04005431093007468,0.2654446707399864,0.031228784792939578],[0.46776539020843433,0.12360639844886089,0.2740345774761674,0.001777346905800614,0.06689287445467765,0.046857327516561645,0.019066084989497495],[0.08918249380677126,0.36374896779521054,0.24896779521056978,0.0037159372419488025,0.20520231213872833,0.07803468208092486,0.011147811725846408],[0.01639344262295082,0.01639344262295082,0.5737704918032787,0.06557377049180328,0.19672131147540983,0.11475409836065574,0.01639344262295082],[0.10443349753694581,0.12586206896551724,0.30689655172413793,0.002955665024630542,0.1440886699507389,0.30467980295566505,0.011083743842364532],[0.2990063233965673,0.04065040650406504,0.13188798554652212,0.0027100271002710027,0.28906955736224027,0.21951219512195122,0.017163504968383016],[0.01904761904761905,0.06666666666666667,0.08571428571428572,0.009523809523809525,0.01904761904761905,0.6761904761904762,0.12380952380952381]],[[0.12195121951219512,0.36585365853658536,0.04878048780487805,0.12195121951219512,0.0975609756097561,0.21951219512195122,0.024390243902439025],[0.30327868852459017,0.1557377049180328,0.045081967213114756,0.2459016393442623,0.1680327868852459,0.0778688524590164,0.004098360655737705],[0.022727272727272728,0.7227272727272728,0.05454545454545454,0.02727272727272727,0.12727272727272726,0.03636363636363636,0.00909090909090909],[0.047619047619047616,0.14965986394557823,0.06802721088435375,0.41496598639455784,0.23809523809523808,0.07482993197278912,0.006802721088435374],[0.14511041009463724,0.07255520504731862,0.050473186119873815,0.17034700315457413,0.19242902208201892,0.35962145110410093,0.00946372239747634],[0.18666666666666668,0.06666666666666667,0.013333333333333334,0.05333333333333334,0.49333333333333335,0.10666666666666667,0.08],[0.3076923076923077,0.07692307692307693,0.07692307692307693,0.15384615384615385,0.07692307692307693,0.07692307692307693,0.23076923076923078]],[[0.2153762268266085,0.2311886586695747,0.09487459105779716,0.009269356597600873,0.10577971646673937,0.31352235550708835,0.029989094874591057],[0.23901808785529716,0.19315245478036175,0.3242894056847545,0.014857881136950904,0.16214470284237725,0.047157622739018086,0.01937984496124031],[0.054598908021839566,0.45716085678286433,0.1373372532549349,0.0010499790004199917,0.2883242335153297,0.05879882402351953,0.0027299454010919783],[0.02330097087378641,0.2912621359223301,0.21165048543689322,0.06990291262135923,0.3339805825242718,0.062135922330097085,0.007766990291262136],[0.12782167042889392,0.08549661399548533,0.2226297968397291,0.0358352144469526,0.2528216704288939,0.2643905191873589,0.01100451467268623],[0.38524750538055175,0.08452357659949129,0.079827822343964,0.008413226374486401,0.2927020152612013,0.1322637448640188,0.01702210917628644],[0.09137055837563451,0.14213197969543148,0.04060913705583756,0.01015228426395939,0.09644670050761421,0.5685279187817259,0.050761421319796954]],[[0.13786864483444908,0.2958205174597431,0.09462637959109825,0.0041613895422471505,0.13370725529220193,0.3251311742355708,0.008684639044689704],[0.31575342465753425,0.236986301369863,0.18904109589041096,0.0027397260273972603,0.07397260273972603,0.1273972602739726,0.05410958904109589],[0.08967971530249111,0.2918149466192171,0.18291814946619217,0.0028469750889679717,0.2775800711743772,0.1501779359430605,0.00498220640569395],[0.011494252873563218,0.08045977011494253,0.47126436781609193,0.06896551724137931,0.26436781609195403,0.09195402298850575,0.011494252873563218],[0.08068459657701711,0.05786471067644662,0.2976365118174409,0.03863080684596577,0.20684596577017114,0.31149144254278727,0.006845965770171149],[0.28503638089212274,0.09364125276811136,0.09712116418854792,0.002530844669408415,0.2638405567858273,0.2426447326795318,0.01518506801645049],[0.03383458646616541,0.12030075187969924,0.06390977443609022,0.007518796992481203,0.08646616541353383,0.6203007518796992,0.06766917293233082]],[[0.23214285714285715,0.38392857142857145,0.05357142857142857,0.026785714285714284,0.08035714285714286,0.14285714285714285,0.08035714285714286],[0.06896551724137931,0.13793103448275862,0.2482758620689655,0.020689655172413793,0.06896551724137931,0.23448275862068965,0.2206896551724138],[0.05263157894736842,0.22807017543859648,0.2807017543859649,0.017543859649122806,0.12280701754385964,0.22807017543859648,0.07017543859649122],[0.1,0.1,0.2,0.2,0.2,0.1,0.1],[0.1,0.1375,0.1125,0.0375,0.2,0.2875,0.125],[0.06326304106548279,0.05438401775804662,0.08435072142064373,0.004439511653718091,0.560488346281909,0.16537180910099888,0.06770255271920089],[0.072,0.104,0.056,0.008,0.072,0.368,0.32]]],"formTemplates":[{"form":"TC","barsPerPhrase":[4,4,4,4],"weight":56,"totalBars":16},{"form":"TC","barsPerPhrase":[4,4,4],"weight":28,"totalBars":12},{"form":"TC","barsPerPhrase":[4,4,4,6],"weight":19,"totalBars":18},{"form":"ABCB","barsPerPhrase":[4,4,4,4],"weight":14,"totalBars":16},{"form":"TC","barsPerPhrase":[6,6],"weight":12,"totalBars":12},{"form":"TC","barsPerPhrase":[4,4,6],"weight":12,