{"bigrams":[[0.2016789301355791,0.263091983401449,0.10008123980151419,0.013087429903432044,0.09481101688610497,0.2623846696186286,0.06486473025329206],[0.3477958783478518,0.17140686080069342,0.26985278037772925,0.02123984076813804,0.09306826980341826,0.06446085616523752,0.032175513736931664],[0.11245414535196184,0.3692114819762461,0.16149730998818695,0.05921477689559503,0.23460466225459317,0.05597852302220311,0.007039100511213839],[0.03227163579004249,0.16826314070864415,0.33725457887450866,0.13843595295954975,0.2580029793866572,0.0504767348359412,0.015294977444656247],[0.1207566125254568,0.06924379461880381,0.23294618484233753,0.08623004465847717,0.2250029228640876,0.24784765424432942,0.017972786246507663],[0.26676246517595964,0.0711616279722648,0.06772600274397793,0.01335017650611092,0.3678811359617348,0.1723989239406161,0.040719667699336076],[0.29560178577470225,0.09207492040706725,0.031044769834551744,0.014175496058920222,0.11779072294656587,0.36935197323058727,0.07996033174760557]],"trigrams":[[[0.27986715737702256,0.2265966660761223,0.11640375238605356,0.015846594473252342,0.09363436778523476,0.2022782106080521,0.06537325129426245],[0.2676341217597316,0.14448593126954476,0.36085045856912507,0.0190915766049462,0.10053687591916073,0.0791907625000417,0.02821027337744995],[0.11119851170298035,0.35258469437514667,0.1544469805461949,0.05848111940765882,0.26237610134033373,0.05416129396701853,0.006751298660667061],[0.06317262153690173,0.12481102096777473,0.2521712600846639,0.2430404476205935,0.24733727211655301,0.05949616946414401,0.009971208209369309],[0.17027811319866587,0.04211926336120677,0.19012579632770846,0.06770746641411184,0.2316322615379459,0.27424349305018453,0.02389360611017664],[0.25338927394552097,0.0693099324730862,0.056050691229289094,0.007660766268862028,0.44309739340423965,0.15825465717786213,0.012237285501139976],[0.2779233287386699,0.06136298063317687,0.024039655557503977,0.008222845278022094,0.135045396592392,0.43885325715363105,0.05455253604660412]],[[0.17227704710059882,0.2559672284526457,0.0702092614164759,0.010860755043205923,0.06641563527095543,0.3406744561401913,0.08359561657592691],[0.28500925292587265,0.26215867495023887,0.21372707543327366,0.0188672166351203,0.10957510745172427,0.08385304222876176,0.02680963037500849],[0.1546480328663789,0.3422052519511433,0.11671458357812128,0.08931108195317648,0.24465412395904207,0.043440861657951614,0.009026064034186383],[0.04508898071840319,0.19866788258829562,0.32578784018722146,0.13450809360094557,0.19696944366881394,0.058714559929617105,0.04026319930670322],[0.1066160560772033,0.12944499819551467,0.25193703258500827,0.05936087654895872,0.23586120117432288,0.1862560037365562,0.030523831682436064],[0.3516732575607472,0.10425782987458597,0.04176642701625376,0.009376529850975432,0.29030711872207743,0.17945453188615756,0.02316430508920262],[0.2073847483026922,0.12740424173089562,0.027299960993666637,0.012902135553748183,0.14031103683517465,0.4100768729140473,0.07462100366977528]],[[0.17544909871290984,0.3354873965682388,0.14805034822938898,0.02213210969012177,0.06997478684210338,0.18941298751280516,0.05949327244443215],[0.4847651159030065,0.1260665806923675,0.25040817960633066,0.010187380357787107,0.06758320405996134,0.03827306495397817,0.022716474426568756],[0.08421716040084079,0.3463518193569448,0.2769828213053045,0.041879377562505135,0.18352305524127518,0.0582519950227336,0.008793771110395835],[0.012818413316389094,0.14064441780664583,0.23202710519014014,0.08765565982031735,0.46196652882920486,0.054726874351302884,0.01016100068599978],[0.11614459822102989,0.10593623097460922,0.27434637438874154,0.04446927212186876,0.17715100300963685,0.26945124331211545,0.012501277971998355],[0.2662843092296841,0.04109043512305669,0.11945641522428088,0.007789354105360449,0.3042247855995113,0.22711977934689723,0.034034921371209385],[0.12278945117531932,0.13672841577575243,0.10055721404143082,0.022408597376566898,0.05346198248646488,0.45693177253762934,0.10712256660683635]],[[0.20371110921010016,0.20810241690075257,0.1770502175769645,0.06359117959442834,0.13566970827614797,0.08540551393273386,0.12646985450887263],[0.342656386490946,0.1481565705108978,0.15953289286349243,0.1230630505504394,0.09688949453418322,0.02855860276561308,0.10114300228442792],[0.11080630038801209,0.5098421422714716,0.11458317718049238,0.11977134546543446,0.11231638390251292,0.02752395890544449,0.005156691886632136],[0.05034078877914805,0.09371146502027838,0.28669914861121504,0.2861769458397225,0.21389511367399194,0.05865808058312403,0.010518457492519917],[0.13182059843464747,0.03769556820538343,0.1438344400453136,0.19405786042665252,0.20123958966897074,0.25289977429334876,0.038452168925683386],[0.11679310824586737,0.055636288061054785,0.027243232399413102,0.0852519882571042,0.48138107846516787,0.17238003829600332,0.061314266275389336],[0.29872422929194875,0.1991140212342496,0.044085577813629755,0.09829031906237932,0.1488671668156443,0.09574299750698538,0.11517568827516292]],[[0.25482599285996277,0.21147125335256223,0.12092730248645255,0.01596368859227596,0.1125987327416209,0.20869529609110282,0.07551773387602283],[0.2385504242054958,0.2000091854059793,0.30339271830511294,0.03254113824585688,0.15710272026491728,0.04356607891179615,0.024837734660841663],[0.09124796327061777,0.4087803247841841,0.13916063355816188,0.02888623201855235,0.273910951517287,0.05438094963758487,0.0036329452136121413],[0.029502749201917925,0.21052266907076225,0.4381553961676165,0.10288109762613992,0.17071645971831567,0.036162702585770874,0.012058925629476592],[0.13362039576361057,0.06263367656620081,0.1808638724309995,0.10416163018683212,0.2723660300200585,0.23135237927040125,0.015002015761897216],[0.3320773337033038,0.06965421474532829,0.0683432202204838,0.021479948200577973,0.31193091602428596,0.12793883944603446,0.06857552765998572],[0.24320838152089705,0.17484540319926653,0.02923031323353127,0.028047195109796884,0.10874266076254009,0.3258190250902429,0.09010702108372515]],[[0.1451608392903815,0.28955331684126195,0.09172672814871655,0.0059077888391181515,0.13471351161200595,0.3134630667186652,0.0194747485498507],[0.31147459763905566,0.24316542594411872,0.18536764844413042,0.008072774038809419,0.0740880849491604,0.12096506941512705,0.056866399569598415],[0.09181947403712863,0.28573499191545904,0.17856105898758298,0.015486898613186703,0.277278147254902,0.14528577220111444,0.005833656990626112],[0.0363239431483277,0.14400976480771194,0.33926379479693525,0.13856057042787343,0.22837558152128204,0.09740617523539637,0.016060170062473386],[0.08529429306116916,0.051057319447409884,0.28181438870899755,0.09147421744025273,0.21397383762565977,0.26655399995686097,0.009831943759649948],[0.2526498856640758,0.08546148448761387,0.08716415637681899,0.00833252140095118,0.29257547326093153,0.24293708846443574,0.03087939034517285],[0.4912644667132226,0.05787948334215553,0.032404447998148386,0.011380833147479504,0.08890048919128568,0.2650392501686111,0.05313102943909728]],[[0.18362152537258924,0.34665768375116907,0.09208063172273313,0.023334992768900546,0.10718227531042743,0.11138706633543163,0.135735824738749],[0.3030500213447254,0.1361188542578664,0.13209511819055705,0.0917185076966798,0.09290759846391056,0.09963649802806003,0.1444734020182007],[0.09952752389068213,0.2186663272993856,0.2617647346917396,0.05936258188536365,0.1217093788858054,0.13399671983422115,0.10497273351280244],[0.05229430331344931,0.23616326407426466,0.13629320996909722,0.12457593931423415,0.1856733123147004,0.08687346253940817,0.17812650847484618],[0.16281161913025075,0.05438473571257128,0.07248492411421328,0.2138952563011001,0.20020839724769385,0.18188215812669725,0.11433290936747356],[0.0494071707996692,0.04758520819058824,0.059482056875421796,0.017597056937520516,0.571988650771746,0.15523018477161216,0.09870967165344201],[0.2231213467845291,0.09244105802566215,0.04398621239601995,0.021912010119049807,0.09155755966920316,0.2793381285440725,0.2476436844614634]]],"formTemplates":[{"form":"TC",